Player,Age,Tm,Season,First,Pts Won,Pts Max,Share,G,MP,PTS,TRB,AST,STL,BLK,FG%,3P%,FT%,WS,WS/48
Russell Westbrook,28,OKC,2016-17,69.0,888.0,1010,0.879,81,34.6,31.6,10.7,10.4,1.6,0.4,.425,.343,.845,13.1,.224
James Harden,27,HOU,2016-17,22.0,753.0,1010,0.746,81,36.4,29.1,8.1,11.2,1.5,0.5,.440,.347,.847,15.0,.245
Kawhi Leonard,25,SAS,2016-17,9.0,500.0,1010,0.495,74,33.4,25.5,5.8,3.5,1.8,0.7,.485,.380,.880,13.6,.264
LeBron James,32,CLE,2016-17,1.0,333.0,1010,0.330,74,37.8,26.4,8.6,8.7,1.2,0.6,.548,.363,.674,12.9,.221
Isaiah Thomas,27,BOS,2016-17,0.0,81.0,1010,0.080,76,33.8,28.9,2.7,5.9,0.9,0.2,.463,.379,.909,12.5,.234
Stephen Curry,28,GSW,2016-17,0.0,52.0,1010,0.051,79,33.4,25.3,4.5,6.6,1.8,0.2,.468,.411,.898,12.6,.229
Giannis Antetokounmpo,22,MIL,2016-17,0.0,7.0,1010,0.007,80,35.6,22.9,8.8,5.4,1.6,1.9,.521,.272,.770,12.4,.210
John Wall,26,WAS,2016-17,0.0,7.0,1010,0.007,78,36.4,23.1,4.2,10.7,2.0,0.6,.451,.327,.801,8.8,.149
Anthony Davis,23,NOP,2016-17,0.0,2.0,1010,0.002,75,36.1,28.0,11.8,2.1,1.3,2.2,.505,.299,.802,11.0,.195
Kevin Durant,28,GSW,2016-17,0.0,2.0,1010,0.002,62,33.4,25.1,8.3,4.8,1.1,1.6,.537,.375,.875,12.0,.278
Stephen Curry,27,GSW,2015-16,131.0,1310.0,1310,1.000,79,34.2,30.1,5.4,6.7,2.1,0.2,.504,.454,.908,17.9,.318
Kawhi Leonard,24,SAS,2015-16,0.0,634.0,1310,0.484,72,33.1,21.2,6.8,2.6,1.8,1.0,.506,.443,.874,13.7,.277
LeBron James,31,CLE,2015-16,0.0,631.0,1310,0.482,76,35.6,25.3,7.4,6.8,1.4,0.6,.520,.309,.731,13.6,.242
Russell Westbrook,27,OKC,2015-16,0.0,486.0,1310,0.371,80,34.4,23.5,7.8,10.4,2.0,0.3,.454,.296,.812,14.0,.245
Kevin Durant,27,OKC,2015-16,0.0,147.0,1310,0.112,72,35.8,28.2,8.2,5.0,1.0,1.2,.505,.387,.898,14.5,.270
Chris Paul,30,LAC,2015-16,0.0,107.0,1310,0.082,74,32.7,19.5,4.2,10.0,2.1,0.2,.462,.371,.896,12.7,.253
Draymond Green,25,GSW,2015-16,0.0,50.0,1310,0.038,81,34.7,14.0,9.5,7.4,1.5,1.4,.490,.388,.696,11.1,.190
Damian Lillard,25,POR,2015-16,0.0,26.0,1310,0.020,75,35.7,25.1,4.0,6.8,0.9,0.4,.419,.375,.892,9.2,.165
James Harden,26,HOU,2015-16,0.0,9.0,1310,0.007,82,38.1,29.0,6.1,7.5,1.7,0.6,.439,.359,.860,13.3,.204
Kyle Lowry,29,TOR,2015-16,0.0,6.0,1310,0.005,77,37.0,21.2,4.7,6.4,2.1,0.4,.427,.388,.811,11.6,.196
Stephen Curry,26,GSW,2014-15,100.0,1198.0,1300,0.922,80,32.7,23.8,4.3,7.7,2.0,0.2,.487,.443,.914,15.7,.288
James Harden,25,HOU,2014-15,25.0,936.0,1300,0.720,81,36.8,27.4,5.7,7.0,1.9,0.7,.440,.375,.868,16.4,.265
LeBron James,30,CLE,2014-15,5.0,552.0,1300,0.425,69,36.1,25.3,6.0,7.4,1.6,0.7,.488,.354,.710,10.4,.199
Russell Westbrook,26,OKC,2014-15,0.0,352.0,1300,0.271,67,34.4,28.1,7.3,8.6,2.1,0.2,.426,.299,.835,10.6,.222
Anthony Davis,21,NOP,2014-15,0.0,203.0,1300,0.156,68,36.1,24.4,10.2,2.2,1.5,2.9,.535,.083,.805,14.0,.274
Chris Paul,29,LAC,2014-15,0.0,124.0,1300,0.095,82,34.8,19.1,4.6,10.2,1.9,0.2,.485,.398,.900,16.1,.270
LaMarcus Aldridge,29,POR,2014-15,0.0,6.0,1300,0.005,71,35.4,23.4,10.2,1.7,0.7,1.0,.466,.352,.845,8.6,.165
Marc Gasol,30,MEM,2014-15,0.0,3.0,1300,0.002,81,33.2,17.4,7.8,3.8,0.9,1.6,.494,.176,.795,10.2,.182
Blake Griffin,25,LAC,2014-15,0.0,3.0,1300,0.002,67,35.2,21.9,7.6,5.3,0.9,0.5,.502,.400,.728,9.0,.183
Tim Duncan,38,SAS,2014-15,0.0,1.0,1300,0.001,77,28.9,13.9,9.1,3.0,0.8,2.0,.512,.286,.740,9.6,.207
Kevin Durant,25,OKC,2013-14,119.0,1232.0,1250,0.986,81,38.5,32.0,7.4,5.5,1.3,0.7,.503,.391,.873,19.2,.295
LeBron James,29,MIA,2013-14,6.0,891.0,1250,0.713,77,37.7,27.1,6.9,6.3,1.6,0.3,.567,.379,.750,15.9,.264
Blake Griffin,24,LAC,2013-14,0.0,434.0,1250,0.347,80,35.8,24.1,9.5,3.9,1.2,0.6,.528,.273,.715,12.2,.205
Joakim Noah,28,CHI,2013-14,0.0,322.0,1250,0.258,80,35.3,12.6,11.3,5.4,1.2,1.5,.475,.000,.737,11.2,.190
James Harden,24,HOU,2013-14,0.0,85.0,1250,0.068,73,38.0,25.4,4.7,6.1,1.6,0.4,.456,.366,.866,12.8,.221
Stephen Curry,25,GSW,2013-14,0.0,66.0,1250,0.053,78,36.5,24.0,4.3,8.5,1.6,0.2,.471,.424,.885,13.4,.225
Chris Paul,28,LAC,2013-14,0.0,45.0,1250,0.036,62,35.0,19.1,4.3,10.7,2.5,0.1,.467,.368,.855,12.2,.270
Al Jefferson,29,CHA,2013-14,0.0,34.0,1250,0.027,73,35.0,21.8,10.8,2.1,0.9,1.1,.509,.200,.690,7.8,.146
Paul George,23,IND,2013-14,0.0,33.0,1250,0.026,80,36.2,21.7,6.8,3.5,1.9,0.3,.424,.364,.864,10.8,.178
LaMarcus Aldridge,28,POR,2013-14,0.0,26.0,1250,0.021,69,36.2,23.2,11.1,2.6,0.9,1.0,.458,.200,.822,7.5,.144
LeBron James,28,MIA,2012-13,120.0,1207.0,1210,0.998,76,37.9,26.8,8.0,7.3,1.7,0.9,.565,.406,.753,19.3,.322
Kevin Durant,24,OKC,2012-13,0.0,765.0,1210,0.632,81,38.5,28.1,7.9,4.6,1.4,1.3,.510,.416,.905,18.9,.291
Carmelo Anthony,28,NYK,2012-13,1.0,475.0,1210,0.393,67,37.0,28.7,6.9,2.6,0.8,0.5,.449,.379,.830,9.5,.184
Chris Paul,27,LAC,2012-13,0.0,289.0,1210,0.239,70,33.4,16.9,3.7,9.7,2.4,0.1,.481,.328,.885,13.9,.287
Kobe Bryant,34,LAL,2012-13,0.0,184.0,1210,0.152,78,38.6,27.3,5.6,6.0,1.4,0.3,.463,.324,.839,10.9,.174
Tony Parker,30,SAS,2012-13,0.0,86.0,1210,0.071,66,32.9,20.3,3.0,7.6,0.8,0.1,.522,.353,.845,9.3,.206
Tim Duncan,36,SAS,2012-13,0.0,65.0,1210,0.054,69,30.1,17.8,9.9,2.7,0.7,2.7,.502,.286,.817,8.3,.191
James Harden,23,HOU,2012-13,0.0,33.0,1210,0.027,78,38.3,25.9,4.9,5.8,1.8,0.5,.438,.368,.851,12.8,.206
Russell Westbrook,24,OKC,2012-13,0.0,9.0,1210,0.007,82,34.9,23.2,5.2,7.4,1.8,0.3,.438,.323,.800,11.6,.195
Dwyane Wade,31,MIA,2012-13,0.0,5.0,1210,0.004,69,34.7,21.2,5.0,5.1,1.9,0.8,.521,.258,.725,9.6,.192
LeBron James,27,MIA,2011-12,85.0,1074.0,1210,0.888,62,37.5,27.1,7.9,6.2,1.9,0.8,.531,.362,.771,14.5,.298
Kevin Durant,23,OKC,2011-12,24.0,889.0,1210,0.735,66,38.6,28.0,8.0,3.5,1.3,1.2,.496,.387,.860,12.2,.230
Chris Paul,26,LAC,2011-12,6.0,385.0,1210,0.318,60,36.4,19.8,3.6,9.1,2.5,0.1,.478,.371,.861,12.7,.278
Kobe Bryant,33,LAL,2011-12,2.0,352.0,1210,0.291,58,38.5,27.9,5.4,4.6,1.2,0.3,.430,.303,.845,6.2,.132
Tony Parker,29,SAS,2011-12,4.0,331.0,1210,0.274,60,32.1,18.3,2.9,7.7,1.0,0.1,.480,.230,.799,7.1,.177
Kevin Love,23,MIN,2011-12,0.0,58.0,1210,0.048,55,39.0,26.0,13.3,2.0,0.9,0.5,.448,.372,.824,10.0,.223
Dwight Howard,26,ORL,2011-12,0.0,13.0,1210,0.011,54,38.3,20.6,14.5,1.9,1.5,2.1,.573,.000,.491,7.7,.179
Rajon Rondo,25,BOS,2011-12,0.0,12.0,1210,0.010,53,36.9,11.9,4.8,11.7,1.8,0.1,.448,.238,.597,4.9,.121
Steve Nash,37,PHO,2011-12,0.0,7.0,1210,0.006,62,31.6,12.5,3.0,10.7,0.6,0.1,.532,.390,.894,5.9,.144
Dwyane Wade,30,MIA,2011-12,0.0,6.0,1210,0.005,49,33.2,22.1,4.8,4.6,1.7,1.3,.497,.268,.791,7.7,.227
Derrick Rose,22,CHI,2010-11,113.0,1182.0,1210,0.977,81,37.4,25.0,4.1,7.7,1.0,0.6,.445,.332,.858,13.1,.208
Dwight Howard,25,ORL,2010-11,3.0,643.0,1210,0.531,78,37.6,22.9,14.1,1.4,1.4,2.4,.593,.000,.596,14.4,.235
LeBron James,26,MIA,2010-11,4.0,522.0,1210,0.431,79,38.8,26.7,7.5,7.0,1.6,0.6,.510,.330,.759,15.6,.244
Kobe Bryant,32,LAL,2010-11,1.0,428.0,1210,0.354,82,33.9,25.3,5.1,4.7,1.2,0.1,.451,.323,.828,10.3,.178
Kevin Durant,22,OKC,2010-11,0.0,190.0,1210,0.157,78,38.9,27.7,6.8,2.7,1.1,1.0,.462,.350,.880,12.0,.189
Dirk Nowitzki,32,DAL,2010-11,0.0,113.0,1210,0.093,73,34.3,23.0,7.0,2.6,0.5,0.6,.517,.393,.892,11.1,.213
Dwyane Wade,29,MIA,2010-11,0.0,24.0,1210,0.020,76,37.1,25.5,6.4,4.6,1.5,1.1,.500,.306,.758,12.8,.218
Manu Ginobili,33,SAS,2010-11,0.0,20.0,1210,0.017,80,30.3,17.4,3.7,4.9,1.5,0.4,.433,.349,.871,9.9,.195
Amar'e Stoudemire,28,NYK,2010-11,0.0,9.0,1210,0.007,78,36.8,25.3,8.2,2.6,0.9,1.9,.502,.435,.792,8.0,.134
Blake Griffin,21,LAC,2010-11,0.0,5.0,1210,0.004,82,38.0,22.5,12.1,3.8,0.8,0.5,.506,.292,.642,9.8,.152
LeBron James,25,CLE,2009-10,116.0,1205.0,1230,0.980,76,39.0,29.7,7.3,8.6,1.6,1.0,.503,.333,.767,18.5,.299
Kevin Durant,21,OKC,2009-10,4.0,609.0,1230,0.495,82,39.5,30.1,7.6,2.8,1.4,1.0,.476,.365,.900,16.1,.238
Kobe Bryant,31,LAL,2009-10,0.0,599.0,1230,0.487,73,38.8,27.0,5.4,5.0,1.5,0.3,.456,.329,.811,9.4,.160
Dwight Howard,24,ORL,2009-10,3.0,478.0,1230,0.389,82,34.7,18.3,13.2,1.8,0.9,2.8,.612,.000,.592,13.2,.223
Dwyane Wade,28,MIA,2009-10,0.0,119.0,1230,0.097,77,36.3,26.6,4.8,6.5,1.8,1.1,.476,.300,.761,13.0,.224
Carmelo Anthony,25,DEN,2009-10,0.0,65.0,1230,0.053,69,38.2,28.2,6.6,3.2,1.3,0.4,.458,.316,.830,7.9,.145
Dirk Nowitzki,31,DAL,2009-10,0.0,55.0,1230,0.045,81,37.5,25.0,7.7,2.7,0.9,1.0,.481,.421,.915,12.3,.194
Steve Nash,35,PHO,2009-10,0.0,49.0,1230,0.040,81,32.8,16.5,3.3,11.0,0.5,0.1,.507,.426,.938,9.9,.178
Deron Williams,25,UTA,2009-10,0.0,7.0,1230,0.006,76,36.9,18.7,4.0,10.5,1.3,0.2,.469,.371,.801,10.3,.177
Amar'e Stoudemire,27,PHO,2009-10,0.0,5.0,1230,0.004,82,34.6,23.1,8.9,1.0,0.6,1.0,.557,.167,.771,10.7,.181
LeBron James,24,CLE,2008-9,109.0,1172.0,1210,0.969,81,37.7,28.4,7.6,7.2,1.7,1.1,.489,.344,.780,20.3,.318
Kobe Bryant,30,LAL,2008-9,2.0,698.0,1210,0.577,82,36.1,26.8,5.2,4.9,1.5,0.5,.467,.351,.856,12.7,.206
Dwyane Wade,27,MIA,2008-9,7.0,680.0,1210,0.562,79,38.6,30.2,5.0,7.5,2.2,1.3,.491,.317,.765,14.7,.232
Dwight Howard,23,ORL,2008-9,1.0,328.0,1210,0.271,79,35.7,20.6,13.8,1.4,1.0,2.9,.572,.000,.594,13.8,.234
Chris Paul,23,NOH,2008-9,2.0,192.0,1210,0.159,78,38.5,22.8,5.5,11.0,2.8,0.1,.503,.364,.868,18.3,.292
Chauncey Billups,32,TOT,2008-9,0.0,33.0,1210,0.027,79,35.3,17.7,3.0,6.4,1.2,0.2,.418,.408,.913,10.1,.174
Paul Pierce,31,BOS,2008-9,0.0,21.0,1210,0.017,81,37.5,20.5,5.6,3.6,1.0,0.3,.457,.391,.830,10.3,.164
Tony Parker,26,SAS,2008-9,0.0,9.0,1210,0.007,72,34.1,22.0,3.1,6.9,0.9,0.1,.506,.292,.782,8.6,.168
Brandon Roy,24,POR,2008-9,0.0,7.0,1210,0.006,78,37.2,22.6,4.7,5.1,1.1,0.3,.480,.377,.824,13.5,.223
Dirk Nowitzki,30,DAL,2008-9,0.0,3.0,1210,0.002,81,37.7,25.9,8.4,2.4,0.8,0.8,.479,.359,.890,10.9,.171
Kobe Bryant,29,LAL,2007-8,82.0,1100.0,1260,0.873,82,38.9,28.3,6.3,5.4,1.8,0.5,.459,.361,.840,13.8,.208
Chris Paul,22,NOH,2007-8,28.0,894.0,1260,0.710,80,37.6,21.1,4.0,11.6,2.7,0.1,.488,.369,.851,17.8,.284
Kevin Garnett,31,BOS,2007-8,15.0,670.0,1260,0.532,71,32.8,18.8,9.2,3.4,1.4,1.3,.539,.000,.801,12.9,.265
LeBron James,23,CLE,2007-8,1.0,438.0,1260,0.348,75,40.4,30.0,7.9,7.2,1.8,1.1,.484,.315,.712,15.2,.242
Dwight Howard,22,ORL,2007-8,0.0,60.0,1260,0.048,82,37.7,20.7,14.2,1.3,0.9,2.1,.599,.000,.590,12.9,.200
Amar'e Stoudemire,25,PHO,2007-8,0.0,27.0,1260,0.021,79,33.9,25.2,9.1,1.5,0.8,2.1,.590,.161,.805,14.6,.262
Tim Duncan,31,SAS,2007-8,0.0,25.0,1260,0.020,78,34.0,19.3,11.3,2.8,0.7,1.9,.497,.000,.730,11.1,.201
Tracy McGrady,28,HOU,2007-8,0.0,19.0,1260,0.015,66,37.0,21.6,5.1,5.9,1.0,0.5,.419,.292,.684,5.8,.115
Steve Nash,33,PHO,2007-8,0.0,18.0,1260,0.014,81,34.3,16.9,3.5,11.1,0.7,0.1,.504,.470,.906,10.5,.181
Manu Ginobili,30,SAS,2007-8,0.0,9.0,1260,0.007,74,31.1,19.5,4.8,4.5,1.5,0.4,.460,.401,.860,11.1,.232
Dirk Nowitzki,28,DAL,2006-7,83.0,1138.0,1290,0.882,78,36.2,24.6,8.9,3.4,0.7,0.8,.502,.416,.904,16.3,.278
Steve Nash,32,PHO,2006-7,44.0,1013.0,1290,0.785,76,35.3,18.6,3.5,11.6,0.8,0.1,.532,.455,.899,12.6,.225
Kobe Bryant,28,LAL,2006-7,2.0,521.0,1290,0.404,77,40.8,31.6,5.7,5.4,1.4,0.5,.463,.344,.868,13.0,.199
Tim Duncan,30,SAS,2006-7,0.0,286.0,1290,0.222,80,34.1,20.0,10.6,3.4,0.8,2.4,.546,.111,.637,13.0,.230
LeBron James,22,CLE,2006-7,0.0,183.0,1290,0.142,78,40.9,27.3,6.7,6.0,1.6,0.7,.476,.319,.698,13.7,.206
Tracy McGrady,27,HOU,2006-7,0.0,110.0,1290,0.085,71,35.8,24.6,5.3,6.5,1.3,0.5,.431,.331,.707,8.6,.163
Chris Bosh,22,TOR,2006-7,0.0,43.0,1290,0.033,69,38.5,22.6,10.7,2.5,0.6,1.3,.496,.343,.785,9.6,.174
Gilbert Arenas,25,WAS,2006-7,0.0,31.0,1290,0.024,74,39.8,28.4,4.6,6.0,1.9,0.2,.418,.351,.844,10.8,.177
Carlos Boozer,25,UTA,2006-7,0.0,7.0,1290,0.005,74,34.6,20.9,11.7,3.0,0.9,0.3,.561,,.685,9.9,.185
Kevin Garnett,30,MIN,2006-7,0.0,7.0,1290,0.005,76,39.4,22.4,12.8,4.1,1.2,1.7,.476,.214,.835,10.7,.171
Steve Nash,31,PHO,2005-6,57.0,924.0,1250,0.739,79,35.4,18.8,4.2,10.5,0.8,0.2,.512,.439,.921,12.4,.212
LeBron James,21,CLE,2005-6,16.0,688.0,1250,0.550,79,42.5,31.4,7.0,6.6,1.6,0.8,.480,.335,.738,16.3,.232
Dirk Nowitzki,27,DAL,2005-6,14.0,544.0,1250,0.435,81,38.1,26.6,9.0,2.8,0.7,1.0,.480,.406,.901,17.7,.275
Kobe Bryant,27,LAL,2005-6,22.0,483.0,1250,0.386,80,41.0,35.4,5.3,4.5,1.8,0.4,.450,.347,.850,15.3,.224
Chauncey Billups,29,DET,2005-6,15.0,430.0,1250,0.344,81,36.1,18.5,3.1,8.6,0.9,0.1,.418,.433,.894,15.5,.254
Dwyane Wade,24,MIA,2005-6,0.0,87.0,1250,0.070,75,38.6,27.2,5.7,6.7,1.9,0.8,.495,.171,.783,14.4,.239
Elton Brand,26,LAC,2005-6,1.0,50.0,1250,0.040,79,39.2,24.7,10.0,2.6,1.0,2.5,.527,.333,.775,14.8,.229
Tim Duncan,29,SAS,2005-6,0.0,33.0,1250,0.026,80,34.8,18.6,11.0,3.2,0.9,2.0,.484,.400,.629,10.8,.187
Tony Parker,23,SAS,2005-6,0.0,9.0,1250,0.007,80,33.9,18.9,3.3,5.8,1.0,0.1,.548,.306,.707,9.6,.169
Allen Iverson,30,PHI,2005-6,0.0,1.0,1250,0.001,72,43.1,33.0,3.2,7.4,1.9,0.1,.447,.323,.814,10.6,.165
Steve Nash,30,PHO,2004-5,65.0,1066.0,1270,0.839,75,34.3,15.5,3.3,11.5,1.0,0.1,.502,.431,.887,10.9,.203
Shaquille O'Neal,32,MIA,2004-5,58.0,1032.0,1270,0.813,73,34.1,22.9,10.4,2.7,0.5,2.3,.601,,.461,11.0,.211
Dirk Nowitzki,26,DAL,2004-5,0.0,349.0,1270,0.275,78,38.7,26.1,9.7,3.1,1.2,1.5,.459,.399,.869,15.6,.248
Tim Duncan,28,SAS,2004-5,1.0,328.0,1270,0.258,66,33.4,20.3,11.1,2.7,0.7,2.6,.496,.333,.670,11.2,.245
Allen Iverson,29,PHI,2004-5,2.0,240.0,1270,0.189,75,42.3,30.7,4.0,7.9,2.4,0.1,.424,.308,.835,9.0,.136
LeBron James,20,CLE,2004-5,0.0,93.0,1270,0.073,80,42.4,27.2,7.4,7.2,2.2,0.7,.472,.351,.750,14.3,.203
Tracy McGrady,25,HOU,2004-5,0.0,44.0,1270,0.035,78,40.8,25.7,6.2,5.7,1.7,0.7,.431,.326,.774,12.0,.180
Dwyane Wade,23,MIA,2004-5,0.0,43.0,1270,0.034,77,38.6,24.1,5.2,6.8,1.6,1.1,.478,.289,.762,11.0,.177
Amar'e Stoudemire,22,PHO,2004-5,1.0,41.0,1270,0.032,80,36.1,26.0,8.9,1.6,1.0,1.6,.559,.188,.733,14.6,.243
Ray Allen,29,SEA,2004-5,0.0,41.0,1270,0.032,78,39.3,23.9,4.4,3.7,1.1,0.1,.428,.376,.883,10.7,.168
Kevin Garnett,27,MIN,2003-4,120.0,1219.0,1230,0.991,82,39.4,24.2,13.9,5.0,1.5,2.2,.499,.256,.791,18.3,.272
Tim Duncan,27,SAS,2003-4,0.0,716.0,1230,0.582,69,36.6,22.3,12.4,3.1,0.9,2.7,.501,.167,.599,13.1,.249
Jermaine O'Neal,25,IND,2003-4,2.0,523.0,1230,0.425,78,35.7,20.1,10.0,2.1,0.8,2.6,.434,.111,.757,9.0,.155
Peja Stojakovic,26,SAC,2003-4,1.0,281.0,1230,0.228,81,40.3,24.2,6.3,2.1,1.3,0.2,.480,.433,.927,13.5,.198
Kobe Bryant,25,LAL,2003-4,0.0,212.0,1230,0.172,65,37.6,24.0,5.5,5.1,1.7,0.4,.438,.327,.852,10.7,.210
Shaquille O'Neal,31,LAL,2003-4,0.0,178.0,1230,0.145,67,36.8,21.5,11.5,2.9,0.5,2.5,.584,,.490,9.9,.192
Ben Wallace,29,DET,2003-4,0.0,24.0,1230,0.020,81,37.7,9.5,12.4,1.7,1.8,3.0,.421,.125,.490,10.2,.160
Jason Kidd,30,NJN,2003-4,0.0,17.0,1230,0.014,67,36.6,15.5,6.4,9.2,1.8,0.2,.384,.321,.827,7.2,.141
LeBron James,19,CLE,2003-4,0.0,11.0,1230,0.009,79,39.5,20.9,5.5,5.9,1.6,0.7,.417,.290,.754,5.1,.078
Sam Cassell,34,MIN,2003-4,0.0,4.0,1230,0.003,81,35.0,19.8,3.3,7.3,1.3,0.2,.488,.398,.873,12.1,.205
Tim Duncan,26,SAS,2002-3,60.0,962.0,1190,0.808,81,39.3,23.3,12.9,3.9,0.7,2.9,.513,.273,.710,16.5,.248
Kevin Garnett,26,MIN,2002-3,43.0,871.0,1190,0.732,82,40.5,23.0,13.4,6.0,1.4,1.6,.502,.282,.751,15.6,.225
Kobe Bryant,24,LAL,2002-3,8.0,496.0,1190,0.417,82,41.5,30.0,6.9,5.9,2.2,0.8,.451,.383,.843,14.9,.210
Tracy McGrady,23,ORL,2002-3,4.0,427.0,1190,0.359,75,39.4,32.1,6.5,5.5,1.7,0.8,.457,.386,.793,16.1,.262
Shaquille O'Neal,30,LAL,2002-3,3.0,126.0,1190,0.106,67,37.8,27.5,11.1,3.1,0.6,2.4,.574,,.622,13.2,.250
Allen Iverson,27,PHI,2002-3,0.0,83.0,1190,0.070,82,42.5,27.6,4.2,5.5,2.7,0.2,.414,.277,.774,9.2,.127
Dirk Nowitzki,24,DAL,2002-3,0.0,43.0,1190,0.036,80,39.0,25.1,9.9,3.0,1.4,1.0,.463,.379,.881,16.1,.249
Ben Wallace,28,DET,2002-3,1.0,33.0,1190,0.028,73,39.4,6.9,15.4,1.6,1.4,3.2,.481,.167,.450,10.6,.176
Jason Kidd,29,NJN,2002-3,0.0,31.0,1190,0.026,80,37.4,18.7,6.3,8.9,2.2,0.3,.414,.341,.841,11.3,.182
Chris Webber,29,SAC,2002-3,0.0,19.0,1190,0.016,67,39.1,23.0,10.5,5.4,1.6,1.3,.461,.238,.607,6.9,.127
Tim Duncan,25,SAS,2001-2,57.0,954.0,1260,0.757,82,40.6,25.5,12.7,3.7,0.7,2.5,.508,.100,.799,17.8,.257
Jason Kidd,28,NJN,2001-2,45.0,897.0,1260,0.712,82,37.3,14.7,7.3,9.9,2.1,0.2,.391,.321,.814,8.9,.140
Shaquille O'Neal,29,LAL,2001-2,15.0,696.0,1260,0.552,67,36.1,27.2,10.7,3.0,0.6,2.0,.579,.000,.555,13.2,.262
Tracy McGrady,22,ORL,2001-2,7.0,390.0,1260,0.310,76,38.3,25.6,7.9,5.3,1.6,1.0,.451,.364,.748,11.5,.189
Kobe Bryant,23,LAL,2001-2,1.0,98.0,1260,0.078,80,38.3,25.2,5.5,5.5,1.5,0.4,.469,.250,.829,12.7,.199
Gary Payton,33,SEA,2001-2,1.0,54.0,1260,0.043,82,40.3,22.1,4.8,9.0,1.6,0.3,.467,.314,.797,12.6,.183
Chris Webber,28,SAC,2001-2,0.0,37.0,1260,0.029,54,38.4,24.5,10.1,4.8,1.7,1.4,.495,.263,.749,8.6,.200
Dirk Nowitzki,23,DAL,2001-2,0.0,31.0,1260,0.025,76,38.0,23.4,9.9,2.4,1.1,1.0,.477,.397,.853,13.4,.222
Allen Iverson,26,PHI,2001-2,0.0,29.0,1260,0.023,60,43.7,31.4,4.5,5.5,2.8,0.2,.398,.291,.812,6.9,.126
Ben Wallace,27,DET,2001-2,0.0,24.0,1260,0.019,80,36.5,7.6,13.0,1.4,1.7,3.5,.531,.000,.423,11.6,.190
Allen Iverson,25,PHI,2000-1,93.0,1121.0,1240,0.904,71,42.0,31.1,3.8,4.6,2.5,0.3,.420,.320,.814,11.8,.190
Tim Duncan,24,SAS,2000-1,18.0,706.0,1240,0.569,82,38.7,22.2,12.2,3.0,0.9,2.3,.499,.259,.618,13.2,.200
Shaquille O'Neal,28,LAL,2000-1,7.0,578.0,1240,0.466,74,39.5,28.7,12.7,3.7,0.6,2.8,.572,.000,.513,14.9,.245
Chris Webber,27,SAC,2000-1,5.0,521.0,1240,0.420,70,40.5,27.1,11.1,4.2,1.3,1.7,.481,.071,.703,11.0,.186
Kevin Garnett,24,MIN,2000-1,1.0,151.0,1240,0.122,81,39.5,22.0,11.4,5.0,1.4,1.8,.477,.288,.764,11.8,.176
Tracy McGrady,21,ORL,2000-1,0.0,64.0,1240,0.052,77,40.1,26.8,7.5,4.6,1.5,1.5,.457,.355,.733,12.2,.189
Karl Malone,37,UTA,2000-1,0.0,21.0,1240,0.017,81,35.7,23.2,8.3,4.5,1.1,0.8,.498,.400,.793,13.1,.217
Jason Kidd,27,PHO,2000-1,0.0,18.0,1240,0.015,77,39.8,16.9,6.4,9.8,2.2,0.3,.411,.297,.814,9.6,.150
Kobe Bryant,22,LAL,2000-1,0.0,11.0,1240,0.009,68,40.9,28.5,5.9,5.0,1.7,0.6,.464,.305,.853,11.3,.196
David Robinson,35,SAS,2000-1,0.0,8.0,1240,0.006,80,29.6,14.4,8.6,1.5,1.0,2.5,.486,.000,.747,12.1,.246
Shaquille O'Neal,27,LAL,1999-00,120.0,1207.0,1210,0.998,79,40.0,29.7,13.6,3.8,0.5,3.0,.574,.000,.524,18.6,.283
Kevin Garnett,23,MIN,1999-00,0.0,408.0,1210,0.337,81,40.0,22.9,11.8,5.0,1.5,1.6,.497,.370,.765,11.6,.172
Alonzo Mourning,29,MIA,1999-00,0.0,367.0,1210,0.303,79,34.8,21.7,9.5,1.6,0.5,3.7,.551,.000,.711,12.9,.226
Karl Malone,36,UTA,1999-00,0.0,312.0,1210,0.258,82,35.9,25.5,9.5,3.7,1.0,0.9,.509,.250,.797,15.3,.249
Tim Duncan,23,SAS,1999-00,0.0,248.0,1210,0.205,74,38.9,23.2,12.4,3.2,0.9,2.2,.490,.091,.761,13.0,.218
Gary Payton,31,SEA,1999-00,0.0,180.0,1210,0.149,82,41.8,24.2,6.5,8.9,1.9,0.2,.448,.340,.735,13.9,.195
Allen Iverson,24,PHI,1999-00,1.0,132.0,1210,0.109,70,40.8,28.4,3.8,4.7,2.1,0.1,.421,.341,.713,6.9,.116
Grant Hill,27,DET,1999-00,0.0,113.0,1210,0.093,74,37.5,25.8,6.6,5.2,1.4,0.6,.489,.347,.795,10.7,.185
Chris Webber,26,SAC,1999-00,0.0,96.0,1210,0.079,75,38.4,24.5,10.5,4.6,1.6,1.7,.483,.284,.751,10.7,.179
Vince Carter,23,TOR,1999-00,0.0,51.0,1210,0.042,82,38.1,25.7,5.8,3.9,1.3,1.1,.465,.403,.791,11.8,.182
Karl Malone,35,UTA,1998-99,44.0,827.0,1180,0.701,49,37.4,23.8,9.4,4.1,1.3,0.6,.493,.000,.788,9.6,.252
Alonzo Mourning,28,MIA,1998-99,36.0,773.0,1180,0.655,46,38.1,20.1,11.0,1.6,0.7,3.9,.511,.000,.652,7.9,.216
Tim Duncan,22,SAS,1998-99,30.0,740.0,1180,0.627,50,39.3,21.7,11.4,2.4,0.9,2.5,.495,.143,.690,8.7,.213
Allen Iverson,23,PHI,1998-99,5.0,319.0,1180,0.270,48,41.5,26.8,4.9,4.6,2.3,0.1,.412,.291,.751,7.2,.173
Jason Kidd,25,PHO,1998-99,2.0,159.0,1180,0.135,50,41.2,16.9,6.8,10.8,2.3,0.4,.444,.366,.757,8.1,.188
Shaquille O'Neal,26,LAL,1998-99,1.0,89.0,1180,0.075,49,34.8,26.3,10.7,2.3,0.7,1.7,.576,.000,.540,9.0,.255
Chris Webber,25,SAC,1998-99,0.0,51.0,1180,0.043,42,40.9,20.0,13.0,4.1,1.4,2.1,.486,.118,.454,3.6,.102
Grant Hill,26,DET,1998-99,0.0,39.0,1180,0.033,50,37.0,21.1,7.1,6.0,1.6,0.5,.479,.000,.752,7.3,.189
Gary Payton,30,SEA,1998-99,0.0,35.0,1180,0.030,50,40.2,21.7,4.9,8.7,2.2,0.2,.434,.295,.721,7.2,.172
Kevin Garnett,22,MIN,1998-99,0.0,9.0,1180,0.008,47,37.9,20.8,10.4,4.3,1.7,1.8,.460,.286,.704,5.4,.146
Michael Jordan,34,CHI,1997-98,92.0,1084.0,1160,0.934,82,38.8,28.7,5.8,3.5,1.7,0.5,.465,.238,.784,15.8,.238
Karl Malone,34,UTA,1997-98,20.0,842.0,1160,0.726,81,37.4,27.0,10.3,3.9,1.2,0.9,.530,.333,.761,16.4,.259
Gary Payton,29,SEA,1997-98,3.0,431.0,1160,0.372,82,38.4,19.2,4.6,8.3,2.3,0.2,.453,.338,.744,12.5,.190
Shaquille O'Neal,25,LAL,1997-98,1.0,311.0,1160,0.268,60,36.3,28.3,11.4,2.4,0.7,2.4,.584,,.527,10.2,.224
Tim Duncan,21,SAS,1997-98,0.0,148.0,1160,0.128,82,39.1,21.1,11.9,2.7,0.7,2.5,.549,.000,.662,12.8,.192
Tim Hardaway,31,MIA,1997-98,0.0,71.0,1160,0.061,81,37.4,18.9,3.7,8.3,1.7,0.2,.431,.351,.781,11.7,.185
David Robinson,32,SAS,1997-98,0.0,36.0,1160,0.031,73,33.7,21.6,10.6,2.7,0.9,2.6,.511,.250,.735,13.8,.269
Vin Baker,26,SEA,1997-98,0.0,24.0,1160,0.021,82,35.9,19.2,8.0,1.9,1.1,1.0,.542,.143,.591,10.4,.169
Grant Hill,25,DET,1997-98,0.0,23.0,1160,0.020,81,40.7,21.1,7.7,6.8,1.8,0.7,.452,.143,.740,10.2,.149
Scottie Pippen,32,CHI,1997-98,0.0,14.0,1160,0.012,44,37.5,19.1,5.2,5.8,1.8,1.0,.447,.318,.777,6.6,.193
Karl Malone,33,UTA,1996-97,63.0,986.0,1150,0.857,82,36.6,27.4,9.9,4.5,1.4,0.6,.550,.000,.755,16.7,.268
Michael Jordan,33,CHI,1996-97,52.0,957.0,1150,0.832,82,37.9,29.6,5.9,4.3,1.7,0.5,.486,.374,.833,18.3,.283
Grant Hill,24,DET,1996-97,0.0,376.0,1150,0.327,80,39.3,21.4,9.0,7.3,1.8,0.6,.496,.303,.711,14.6,.223
Tim Hardaway,30,MIA,1996-97,0.0,238.0,1150,0.207,81,38.7,20.3,3.4,8.6,1.9,0.1,.415,.344,.799,12.9,.198
Glen Rice,29,CHH,1996-97,0.0,134.0,1150,0.117,79,42.6,26.8,4.0,2.0,0.9,0.3,.477,.470,.867,10.8,.154
Gary Payton,28,SEA,1996-97,0.0,105.0,1150,0.091,82,39.2,21.8,4.6,7.1,2.4,0.2,.476,.313,.715,12.9,.193
Hakeem Olajuwon,34,HOU,1996-97,0.0,95.0,1150,0.083,78,36.6,23.2,9.2,3.0,1.5,2.2,.510,.313,.787,9.1,.154
Patrick Ewing,34,NYK,1996-97,0.0,57.0,1150,0.050,78,37.0,22.4,10.7,2.0,0.9,2.4,.488,.222,.754,9.8,.163
Anthony Mason,30,CHH,1996-97,0.0,7.0,1150,0.006,73,43.1,16.2,11.4,5.7,1.0,0.5,.525,.333,.745,11.4,.173
Shaquille O'Neal,24,LAL,1996-97,0.0,7.0,1150,0.006,51,38.1,26.2,12.5,3.1,0.9,2.9,.557,.000,.484,8.0,.197
Michael Jordan,32,CHI,1995-96,109.0,1114.0,1130,0.986,82,37.7,30.4,6.6,4.3,2.2,0.5,.495,.427,.834,20.4,.317
David Robinson,30,SAS,1995-96,0.0,574.0,1130,0.508,82,36.8,25.0,12.2,3.0,1.4,3.3,.516,.333,.761,18.3,.290
Anfernee Hardaway,24,ORL,1995-96,2.0,360.0,1130,0.319,82,36.8,21.7,4.3,7.1,2.0,0.5,.513,.314,.767,14.4,.229
Hakeem Olajuwon,33,HOU,1995-96,1.0,238.0,1130,0.211,72,38.8,26.9,10.9,3.6,1.6,2.9,.514,.214,.724,9.7,.166
Scottie Pippen,30,CHI,1995-96,0.0,226.0,1130,0.200,77,36.7,19.4,6.4,5.9,1.7,0.7,.463,.374,.679,12.3,.209
Gary Payton,27,SEA,1995-96,0.0,98.0,1130,0.087,81,39.0,19.3,4.2,7.5,2.9,0.2,.484,.328,.748,11.5,.174
Karl Malone,32,UTA,1995-96,1.0,85.0,1130,0.075,82,38.0,25.7,9.8,4.2,1.7,0.7,.519,.400,.723,15.1,.233
Shawn Kemp,26,SEA,1995-96,0.0,73.0,1130,0.065,79,33.3,19.6,11.4,2.2,1.2,1.6,.561,.417,.742,11.2,.205
Grant Hill,23,DET,1995-96,0.0,63.0,1130,0.056,80,40.8,20.2,9.8,6.9,1.3,0.6,.462,.192,.751,11.7,.172
Shaquille O'Neal,23,ORL,1995-96,0.0,63.0,1130,0.056,54,36.0,26.6,11.0,2.9,0.6,2.1,.573,.500,.487,6.9,.171
David Robinson,29,SAS,1994-95,73.0,901.0,1050,0.858,81,38.0,27.6,10.8,2.9,1.7,3.2,.530,.300,.774,17.5,.273
Shaquille O'Neal,22,ORL,1994-95,12.0,605.0,1050,0.576,79,37.0,29.3,11.4,2.7,0.9,2.4,.583,.000,.533,14.0,.230
Karl Malone,31,UTA,1994-95,14.0,532.0,1050,0.507,82,38.1,26.7,10.6,3.5,1.6,1.0,.536,.268,.742,13.8,.212
Patrick Ewing,32,NYK,1994-95,2.0,230.0,1050,0.219,79,37.0,23.9,11.0,2.7,0.9,2.0,.503,.286,.750,9.6,.157
Hakeem Olajuwon,32,HOU,1994-95,1.0,147.0,1050,0.140,72,39.6,27.8,10.8,3.5,1.8,3.4,.517,.188,.756,10.7,.181
Charles Barkley,31,PHO,1994-95,1.0,96.0,1050,0.091,68,35.0,23.0,11.1,4.1,1.6,0.7,.486,.338,.748,10.6,.214
Scottie Pippen,29,CHI,1994-95,1.0,83.0,1050,0.079,79,38.2,21.4,8.1,5.2,2.9,1.1,.480,.345,.716,11.8,.188
John Stockton,32,UTA,1994-95,1.0,47.0,1050,0.045,82,35.0,14.7,3.1,12.3,2.4,0.3,.542,.449,.804,13.9,.233
Gary Payton,26,SEA,1994-95,0.0,34.0,1050,0.032,82,36.8,20.6,3.4,7.1,2.5,0.2,.509,.302,.716,11.7,.187
Anfernee Hardaway,23,ORL,1994-95,0.0,23.0,1050,0.022,77,37.7,20.9,4.4,7.2,1.7,0.3,.512,.349,.769,10.7,.177
Hakeem Olajuwon,31,HOU,1993-94,66.0,889.0,1010,0.880,80,41.0,27.3,11.9,3.6,1.6,3.7,.528,.421,.716,14.3,.210
David Robinson,28,SAS,1993-94,24.0,730.0,1010,0.723,80,40.5,29.8,10.7,4.8,1.7,3.3,.507,.345,.749,20.0,.296
Scottie Pippen,28,CHI,1993-94,7.0,390.0,1010,0.386,72,38.3,22.0,8.7,5.6,2.9,0.8,.491,.320,.660,11.2,.194
Shaquille O'Neal,21,ORL,1993-94,3.0,289.0,1010,0.286,81,39.8,29.3,13.2,2.4,0.9,2.9,.599,.000,.554,16.9,.252
Patrick Ewing,31,NYK,1993-94,1.0,255.0,1010,0.252,79,37.6,24.5,11.2,2.3,1.1,2.7,.496,.286,.765,13.1,.211
Gary Payton,25,SEA,1993-94,0.0,20.0,1010,0.020,82,35.1,16.5,3.3,6.0,2.3,0.2,.504,.278,.595,9.3,.155
Shawn Kemp,24,SEA,1993-94,0.0,17.0,1010,0.017,79,32.9,18.1,10.8,2.6,1.8,2.1,.538,.250,.741,11.7,.216
Karl Malone,30,UTA,1993-94,0.0,17.0,1010,0.017,82,40.6,25.2,11.5,4.0,1.5,1.5,.497,.250,.694,13.4,.193
Mark Price,29,CLE,1993-94,0.0,7.0,1010,0.007,76,31.4,17.3,3.0,7.8,1.4,0.1,.478,.397,.888,10.0,.201
Charles Barkley,30,PHO,1993-94,0.0,5.0,1010,0.005,65,35.4,21.6,11.2,4.6,1.6,0.6,.495,.270,.704,8.8,.185
Charles Barkley,29,PHO,1992-93,59.0,835.0,980,0.852,76,37.6,25.6,12.2,5.1,1.6,1.0,.520,.305,.765,14.4,.242
Hakeem Olajuwon,30,HOU,1992-93,22.0,647.0,980,0.660,82,39.5,26.1,13.0,3.5,1.8,4.2,.529,.000,.779,15.8,.234
Michael Jordan,29,CHI,1992-93,13.0,565.0,980,0.577,78,39.3,32.6,6.7,5.5,2.8,0.8,.495,.352,.837,17.2,.270
Patrick Ewing,30,NYK,1992-93,4.0,359.0,980,0.366,81,37.1,24.2,12.1,1.9,0.9,2.0,.503,.143,.719,10.6,.170
Dominique Wilkins,33,ATL,1992-93,0.0,54.0,980,0.055,71,37.3,29.9,6.8,3.2,1.0,0.4,.468,.380,.828,10.5,.191
David Robinson,27,SAS,1992-93,0.0,33.0,980,0.034,82,39.2,23.4,11.7,3.7,1.5,3.2,.501,.176,.732,13.2,.197
Shaquille O'Neal,20,ORL,1992-93,0.0,30.0,980,0.031,81,37.9,23.4,13.9,1.9,0.7,3.5,.562,.000,.592,10.4,.163
Karl Malone,29,UTA,1992-93,0.0,10.0,980,0.010,82,37.8,27.0,11.2,3.8,1.5,1.0,.552,.200,.740,15.4,.238
Mark Price,28,CLE,1992-93,0.0,10.0,980,0.010,75,31.7,18.2,2.7,8.0,1.2,0.1,.484,.416,.948,9.8,.197
Brad Daugherty,27,CLE,1992-93,0.0,1.0,980,0.001,71,37.9,20.2,10.2,4.4,0.7,0.8,.571,.500,.795,12.7,.226
Michael Jordan,28,CHI,1991-92,80.0,900.0,960,0.938,80,38.8,30.1,6.4,6.1,2.3,0.9,.519,.270,.832,17.7,.274
Clyde Drexler,29,POR,1991-92,12.0,561.0,960,0.584,76,36.2,25.0,6.6,6.7,1.8,0.9,.470,.337,.794,12.8,.223
David Robinson,26,SAS,1991-92,2.0,337.0,960,0.351,68,37.7,23.2,12.2,2.7,2.3,4.5,.551,.125,.701,13.9,.260
Karl Malone,28,UTA,1991-92,1.0,262.0,960,0.273,81,37.7,28.0,11.2,3.0,1.3,0.6,.526,.176,.778,15.1,.237
Patrick Ewing,29,NYK,1991-92,0.0,100.0,960,0.104,82,38.4,24.0,11.2,1.9,1.1,3.0,.522,.167,.738,13.0,.198
Chris Mullin,28,GSW,1991-92,0.0,81.0,960,0.084,81,41.3,25.6,5.6,3.5,2.1,0.8,.524,.366,.833,10.8,.155
Mark Price,27,CLE,1991-92,0.0,66.0,960,0.069,72,29.7,17.3,2.4,7.4,1.3,0.2,.488,.387,.947,9.1,.205
Tim Hardaway,25,GSW,1991-92,0.0,64.0,960,0.067,81,41.1,23.4,3.8,10.0,2.0,0.2,.461,.338,.766,9.2,.132
Scottie Pippen,26,CHI,1991-92,1.0,32.0,960,0.033,82,38.6,21.0,7.7,7.0,1.9,1.1,.506,.200,.760,12.7,.192
Dennis Rodman,30,DET,1991-92,0.0,26.0,960,0.027,82,40.3,9.8,18.7,2.3,0.8,0.9,.539,.317,.600,12.6,.183
Michael Jordan,27,CHI,1990-91,77.0,891.0,960,0.928,82,37.0,31.5,6.0,5.5,2.7,1.0,.539,.312,.851,20.3,.321
Magic Johnson,31,LAL,1990-91,10.0,497.0,960,0.518,79,37.1,19.4,7.0,12.5,1.3,0.2,.477,.320,.906,15.4,.251
David Robinson,25,SAS,1990-91,6.0,476.0,960,0.496,82,37.7,25.6,13.0,2.5,1.5,3.9,.552,.143,.762,17.0,.264
Charles Barkley,27,PHI,1990-91,2.0,222.0,960,0.231,67,37.3,27.6,10.1,4.2,1.6,0.5,.570,.284,.722,13.4,.258
Karl Malone,27,UTA,1990-91,0.0,142.0,960,0.148,82,40.3,29.0,11.8,3.3,1.1,1.0,.527,.286,.770,15.5,.225
Clyde Drexler,28,POR,1990-91,1.0,75.0,960,0.078,82,34.8,21.5,6.7,6.0,1.8,0.7,.482,.319,.794,12.4,.209
Kevin Johnson,24,PHO,1990-91,0.0,32.0,960,0.033,77,36.0,22.2,3.5,10.1,2.1,0.1,.516,.205,.843,12.7,.220
Dominique Wilkins,31,ATL,1990-91,0.0,29.0,960,0.030,81,38.0,25.9,9.0,3.3,1.5,0.8,.470,.341,.829,11.4,.177
Larry Bird,34,BOS,1990-91,0.0,25.0,960,0.026,60,38.0,19.4,8.5,7.2,1.8,1.0,.454,.389,.891,6.6,.140
Terry Porter,27,POR,1990-91,0.0,25.0,960,0.026,81,32.9,17.0,3.5,8.0,2.0,0.1,.515,.415,.823,13.0,.235
Magic Johnson,30,LAL,1989-90,27.0,636.0,920,0.691,79,37.2,22.3,6.6,11.5,1.7,0.4,.480,.384,.890,16.5,.270
Charles Barkley,26,PHI,1989-90,38.0,614.0,920,0.667,79,39.1,25.2,11.5,3.9,1.9,0.6,.600,.217,.749,17.3,.269
Michael Jordan,26,CHI,1989-90,21.0,564.0,920,0.613,82,39.0,33.6,6.9,6.3,2.8,0.7,.526,.376,.848,19.0,.285
Karl Malone,26,UTA,1989-90,2.0,214.0,920,0.233,82,38.1,31.0,11.1,2.8,1.5,0.6,.562,.372,.762,15.9,.245
Patrick Ewing,27,NYK,1989-90,1.0,162.0,920,0.176,82,38.6,28.6,10.9,2.2,1.0,4.0,.551,.250,.775,13.5,.205
David Robinson,24,SAS,1989-90,2.0,102.0,920,0.111,82,36.6,24.3,12.0,2.0,1.7,3.9,.531,.000,.732,15.1,.241
Hakeem Olajuwon,27,HOU,1989-90,1.0,64.0,920,0.070,82,38.1,24.3,14.0,2.9,2.1,4.6,.501,.167,.713,11.2,.173
Tom Chambers,30,PHO,1989-90,0.0,12.0,920,0.013,81,37.6,27.2,7.0,2.3,1.1,0.6,.501,.279,.861,11.2,.176
John Stockton,27,UTA,1989-90,0.0,9.0,920,0.010,78,37.4,17.2,2.6,14.5,2.7,0.2,.514,.416,.819,14.4,.238
Larry Bird,33,BOS,1989-90,0.0,5.0,920,0.005,75,39.3,24.3,9.5,7.5,1.4,0.8,.473,.333,.930,9.5,.154
Magic Johnson,29,LAL,1988-89,42.5,664.5,850,0.782,77,37.5,22.5,7.9,12.8,1.8,0.3,.509,.314,.911,16.1,.267
Michael Jordan,25,CHI,1988-89,27.5,598.8,850,0.704,81,40.2,32.5,8.0,8.0,2.9,0.8,.538,.276,.850,19.8,.292
Karl Malone,25,UTA,1988-89,5.0,362.0,850,0.426,80,39.1,29.1,10.7,2.7,1.8,0.9,.519,.313,.766,15.2,.233
Patrick Ewing,26,NYK,1988-89,8.0,200.0,850,0.235,80,36.2,22.7,9.3,2.4,1.5,3.5,.567,.000,.746,10.9,.181
Hakeem Olajuwon,26,HOU,1988-89,2.0,179.3,850,0.211,82,36.9,24.8,13.5,1.8,2.6,3.4,.508,.000,.696,12.4,.197
Charles Barkley,25,PHI,1988-89,0.0,94.3,850,0.111,79,39.1,25.8,12.5,4.1,1.6,0.8,.579,.216,.753,16.1,.250
John Stockton,26,UTA,1988-89,0.0,28.0,850,0.033,82,38.7,17.1,3.0,13.6,3.2,0.2,.538,.242,.863,15.6,.236
Kevin Johnson,22,PHO,1988-89,0.0,22.0,850,0.026,81,39.2,20.4,4.2,12.2,1.7,0.3,.505,.091,.882,12.2,.184
Tom Chambers,29,PHO,1988-89,0.0,20.0,850,0.024,81,37.1,25.7,8.4,2.9,1.1,0.7,.471,.326,.851,9.2,.146
Mark Price,24,CLE,1988-89,0.0,18.0,850,0.021,75,36.4,18.9,3.0,8.4,1.5,0.1,.526,.441,.901,11.3,.199
Michael Jordan,24,CHI,1987-88,47.0,665.0,800,0.831,82,40.4,35.0,5.5,5.9,3.2,1.6,.535,.132,.841,21.2,.308
Larry Bird,31,BOS,1987-88,16.0,527.0,800,0.659,76,39.0,29.9,9.3,6.1,1.6,0.8,.527,.414,.916,15.0,.243
Magic Johnson,28,LAL,1987-88,16.0,508.0,800,0.635,72,36.6,19.6,6.2,11.9,1.6,0.2,.492,.196,.853,10.9,.199
Charles Barkley,24,PHI,1987-88,1.0,109.0,800,0.136,80,39.6,28.3,11.9,3.2,1.3,1.3,.587,.280,.751,16.7,.253
Clyde Drexler,25,POR,1987-88,0.0,86.0,800,0.108,81,37.8,27.0,6.6,5.8,2.5,0.6,.506,.212,.811,13.2,.207
Dominique Wilkins,28,ATL,1987-88,0.0,55.0,800,0.069,78,37.8,30.7,6.4,2.9,1.3,0.6,.464,.295,.826,9.8,.160
Hakeem Olajuwon,25,HOU,1987-88,0.0,40.0,800,0.050,79,35.8,22.8,12.1,2.1,2.1,2.7,.514,.000,.695,10.7,.182
Karl Malone,24,UTA,1987-88,0.0,36.0,800,0.045,82,39.0,27.7,12.0,2.4,1.4,0.6,.520,.000,.700,10.1,.152
Fat Lever,27,DEN,1987-88,0.0,26.0,800,0.033,82,37.3,18.9,8.1,7.8,2.7,0.3,.473,.211,.785,10.4,.163
John Stockton,25,UTA,1987-88,0.0,15.0,800,0.019,82,34.7,14.7,2.9,13.8,3.0,0.2,.574,.358,.840,14.1,.238
Magic Johnson,27,LAL,1986-87,65.0,733.0,780,0.940,80,36.3,23.9,6.3,12.2,1.7,0.5,.522,.205,.848,15.9,.263
Michael Jordan,23,CHI,1986-87,10.0,449.0,780,0.576,82,40.0,37.1,5.2,4.6,2.9,1.5,.482,.182,.857,16.9,.247
Larry Bird,30,BOS,1986-87,1.0,271.0,780,0.347,74,40.6,28.1,9.2,7.6,1.8,0.9,.525,.400,.910,15.2,.243
Kevin McHale,29,BOS,1986-87,0.0,254.0,780,0.326,77,39.7,26.1,9.9,2.6,0.5,2.2,.604,.000,.836,14.8,.232
Dominique Wilkins,27,ATL,1986-87,0.0,128.0,780,0.164,79,37.6,29.0,6.3,3.3,1.5,0.6,.463,.292,.818,12.2,.197
Charles Barkley,23,PHI,1986-87,1.0,113.0,780,0.145,68,40.3,23.0,14.6,4.9,1.8,1.5,.594,.202,.761,12.0,.210
Hakeem Olajuwon,24,HOU,1986-87,1.0,28.0,780,0.036,75,36.8,23.4,11.4,2.9,1.9,3.4,.508,.200,.702,10.9,.189
Isiah Thomas,25,DET,1986-87,0.0,17.0,780,0.022,81,37.2,20.6,3.9,10.0,1.9,0.2,.463,.194,.768,7.6,.121
Fat Lever,26,DEN,1986-87,0.0,11.0,780,0.014,82,37.2,18.9,8.9,8.0,2.5,0.4,.469,.239,.782,9.7,.153
Moses Malone,31,WSB,1986-87,0.0,9.0,780,0.012,73,34.1,24.1,11.3,1.6,0.8,1.3,.454,.000,.824,9.4,.182
Larry Bird,29,BOS,1985-86,73.0,765.0,780,0.981,82,38.0,25.8,9.8,6.8,2.0,0.6,.496,.423,.896,15.8,.244
Dominique Wilkins,26,ATL,1985-86,5.0,407.0,780,0.522,78,39.1,30.3,7.9,2.6,1.8,0.6,.468,.186,.818,10.8,.170
Magic Johnson,26,LAL,1985-86,0.0,205.0,780,0.263,72,35.8,18.8,5.9,12.6,1.6,0.2,.526,.233,.871,12.1,.226
Hakeem Olajuwon,23,HOU,1985-86,0.0,193.0,780,0.247,68,36.3,23.5,11.5,2.0,2.0,3.4,.526,,.645,9.5,.186
Kareem Abdul-Jabbar,38,LAL,1985-86,0.0,135.0,780,0.173,79,33.3,23.4,6.1,3.5,0.8,1.6,.564,.000,.765,10.8,.197
Charles Barkley,22,PHI,1985-86,0.0,133.0,780,0.171,80,36.9,20.0,12.8,3.9,2.2,1.6,.572,.227,.685,10.8,.176
Sidney Moncrief,28,MIL,1985-86,0.0,56.0,780,0.072,73,35.2,20.2,4.6,4.9,1.4,0.2,.489,.320,.859,11.7,.219
Alex English,32,DEN,1985-86,0.0,55.0,780,0.071,81,37.3,29.8,5.0,4.0,0.9,0.4,.504,.200,.862,9.8,.156
Isiah Thomas,24,DET,1985-86,0.0,28.0,780,0.036,77,36.2,20.9,3.6,10.8,2.2,0.3,.488,.310,.790,8.8,.151
Moses Malone,30,PHI,1985-86,0.0,21.0,780,0.027,74,36.6,23.8,11.8,1.2,0.9,1.0,.458,.000,.787,8.9,.157
Larry Bird,28,BOS,1984-85,73.0,763.0,780,0.978,80,39.5,28.7,10.5,6.6,1.6,1.2,.522,.427,.882,15.7,.238
Magic Johnson,25,LAL,1984-85,1.0,264.0,780,0.338,77,36.1,18.3,6.2,12.6,1.5,0.3,.561,.189,.843,12.7,.220
Moses Malone,29,PHI,1984-85,0.0,218.0,780,0.279,79,37.4,24.6,13.1,1.6,0.8,1.6,.469,.000,.815,11.9,.193
Kareem Abdul-Jabbar,37,LAL,1984-85,0.0,206.0,780,0.264,79,33.3,22.0,7.9,3.2,0.8,2.1,.599,.000,.732,11.2,.204
Terry Cummings,23,MIL,1984-85,2.0,138.0,780,0.177,79,34.5,23.6,9.1,2.9,1.5,0.8,.495,.000,.741,10.7,.189
Michael Jordan,21,CHI,1984-85,2.0,134.0,780,0.172,82,38.3,28.2,6.5,5.9,2.4,0.8,.515,.173,.845,14.0,.213
Bernard King,28,NYK,1984-85,0.0,70.0,780,0.090,55,37.5,32.9,5.8,3.7,1.3,0.3,.530,.100,.772,7.1,.166
Sidney Moncrief,27,MIL,1984-85,0.0,65.0,780,0.083,73,37.5,21.7,5.4,5.2,1.6,0.5,.483,.273,.828,11.2,.197
Isiah Thomas,23,DET,1984-85,0.0,63.0,780,0.081,81,38.1,21.2,4.5,13.9,2.3,0.3,.458,.257,.809,11.2,.173
Ralph Sampson,24,HOU,1984-85,0.0,26.0,780,0.033,82,37.6,22.1,10.4,2.7,1.0,2.0,.502,.000,.676,6.2,.096
Larry Bird,27,BOS,1983-84,52.0,652.0,760,0.858,79,38.3,24.2,10.1,6.6,1.8,0.9,.492,.247,.888,13.6,.215
Bernard King,27,NYK,1983-84,11.0,373.0,760,0.491,77,34.6,26.3,5.1,2.1,1.0,0.2,.572,.000,.779,12.1,.218
Magic Johnson,24,LAL,1983-84,5.0,305.0,760,0.401,67,38.3,17.6,7.3,13.1,2.2,0.7,.565,.207,.810,10.2,.191
Kareem Abdul-Jabbar,36,LAL,1983-84,3.0,153.0,760,0.201,80,32.8,21.5,7.3,2.6,0.7,1.8,.578,.000,.723,8.9,.163
Isiah Thomas,22,DET,1983-84,1.0,115.0,760,0.151,82,36.7,21.3,4.0,11.1,2.5,0.4,.462,.338,.733,9.1,.144
Julius Erving,33,PHI,1983-84,1.0,98.0,760,0.129,77,34.8,22.4,6.9,4.0,1.8,1.8,.512,.333,.754,10.1,.180
Adrian Dantley,27,UTA,1983-84,1.0,88.0,760,0.116,79,37.8,30.6,5.7,3.9,0.8,0.1,.558,.250,.859,14.6,.235
Sidney Moncrief,26,MIL,1983-84,1.0,70.0,760,0.092,79,38.9,20.9,6.7,4.5,1.4,0.3,.498,.278,.848,12.7,.198
Jeff Ruland,25,WSB,1983-84,1.0,38.0,760,0.050,75,41.1,22.2,12.3,3.9,0.9,1.0,.579,.143,.733,9.3,.144
Moses Malone,28,PHI,1983-84,0.0,35.0,760,0.046,71,36.8,22.7,13.4,1.4,1.0,1.5,.483,.000,.750,9.5,.175
Moses Malone,27,PHI,1982-83,69.0,720.0,750,0.960,78,37.5,24.5,15.3,1.3,1.1,2.0,.501,.000,.761,15.1,.248
Larry Bird,26,BOS,1982-83,1.0,364.0,750,0.485,79,37.7,23.6,11.0,5.8,1.9,0.9,.504,.286,.840,14.0,.225
Magic Johnson,23,LAL,1982-83,2.0,304.5,750,0.406,79,36.8,16.8,8.6,10.5,2.2,0.6,.548,.000,.800,12.5,.207
Sidney Moncrief,25,MIL,1982-83,0.0,226.0,750,0.301,76,35.7,22.5,5.8,3.9,1.5,0.3,.524,.100,.826,13.2,.233
Julius Erving,32,PHI,1982-83,3.0,112.0,750,0.149,72,33.6,21.4,6.8,3.7,1.6,1.8,.517,.286,.759,10.9,.217
Alex English,29,DEN,1982-83,0.0,42.0,750,0.056,82,36.4,28.4,7.3,4.8,1.4,1.5,.516,.167,.829,10.3,.166
Buck Williams,22,NJN,1982-83,0.0,40.0,750,0.053,82,36.1,17.0,12.5,1.5,1.1,1.3,.588,.000,.620,11.4,.185
Artis Gilmore,33,SAS,1982-83,0.0,33.0,750,0.044,82,34.1,18.0,12.0,1.5,0.5,2.3,.626,.000,.740,11.0,.189
George Gervin,30,SAS,1982-83,0.0,30.0,750,0.040,78,36.3,26.2,4.6,3.4,1.1,0.9,.487,.364,.853,9.4,.159
Kareem Abdul-Jabbar,35,LAL,1982-83,0.0,15.0,750,0.020,79,32.3,21.8,7.5,2.5,0.8,2.2,.588,.000,.749,10.9,.205
Moses Malone,26,HOU,1981-82,40.0,507.0,690,0.735,81,42.0,31.1,14.7,1.8,0.9,1.5,.519,.000,.762,15.4,.218
Larry Bird,25,BOS,1981-82,20.0,406.0,690,0.588,77,38.0,22.9,10.9,5.8,1.9,0.9,.503,.212,.863,12.5,.205
Julius Erving,31,PHI,1981-82,1.0,203.0,690,0.294,81,34.4,24.4,6.9,3.9,2.0,1.7,.546,.273,.763,13.3,.229
Robert Parish,28,BOS,1981-82,4.0,131.0,690,0.190,80,31.7,19.9,10.8,1.8,0.9,2.4,.542,,.710,10.0,.190
Gus Williams,28,SEA,1981-82,2.0,115.0,690,0.167,80,36.0,23.4,3.1,6.9,2.2,0.5,.486,.225,.734,10.2,.171
George Gervin,29,SAS,1981-82,1.0,110.0,690,0.159,79,35.7,32.3,5.0,2.4,1.0,0.6,.500,.278,.864,10.7,.182
Sidney Moncrief,24,MIL,1981-82,1.0,101.0,690,0.146,80,37.3,19.8,6.7,4.8,1.7,0.3,.523,.071,.817,13.4,.216
Magic Johnson,22,LAL,1981-82,0.0,67.0,690,0.097,78,38.3,18.6,9.6,9.5,2.7,0.4,.537,.207,.760,12.9,.207
Jack Sikma,26,SEA,1981-82,0.0,33.0,690,0.048,82,37.2,19.6,12.7,3.4,1.2,1.3,.479,.154,.855,12.6,.199
Kareem Abdul-Jabbar,34,LAL,1981-82,0.0,31.0,690,0.045,76,35.2,23.9,8.7,3.0,0.8,2.7,.579,.000,.706,10.7,.192
